INSERT INTO employees (id, first_name, last_name, role_id, mgr_id) VALUES (1, 'Ethyl', 'Castilla', 20, 'Jason Fox');
INSERT INTO employees (id, first_name, last_name, role_id, mgr_id) VALUES (2, 'Vikky', 'Ferber', 20, 'Richard Braxton');
INSERT INTO employees (id, first_name, last_name, role_id, mgr_id) VALUES (3, 'Morly', 'Size', 30, 'Jason Fox');
INSERT INTO employees (id, first_name, last_name, role_id, mgr_id) VALUES (4, 'Jasmin', 'Skeermer', 30, 'Cornelia Lee');
INSERT INTO employees (id, first_name, last_name, role_id, mgr_id) VALUES (5, 'Wilie', 'Elgie', 30, 'Richard Braxton');
INSERT INTO employees (id, first_name, last_name, role_id, mgr_id) VALUES (6, 'Angelia', 'Gorvette', 30, 'Jason Fox');
INSERT INTO employees (id, first_name, last_name, role_id, mgr_id) VALUES (7, 'Goldia', 'Doiley', 40, 'Cornelia Lee');
INSERT INTO employees (id, first_name, last_name, role_id, mgr_id) VALUES (8, 'Riannon', 'Goldes', 40, 'Richard Braxton');
INSERT INTO employees (id, first_name, last_name, role_id, mgr_id) VALUES (9, 'Jonell', 'Fantonetti', 50, 'Jason Fox');
INSERT INTO employees (id, first_name, last_name, role_id, mgr_id) VALUES (10, 'Issiah', 'Chase', 50, 'Cornelia Lee');

INSERT INTO role (id, title, salary, dept_id) VALUES (20, 'Intern', 25000, 100);
INSERT INTO role (id, title, salary, dept_id) VALUES (30, 'Administrator', 50000, 200);
INSERT INTO role (id, title, salary, dept_id) VALUES (40, 'Engineer', 70000, 100);
INSERT INTO role (id, title, salary, dept_id) VALUES (50, 'Manager', 100000, 300);

INSERT INTO department (dept_id, dept_name) VALUES (100, 'Engineering');
INSERT INTO department (dept_id, dept_name) VALUES (200, 'Administration');
INSERT INTO department (dept_id, dept_name) VALUES (300, 'Management');
